{
  "nx2_ny2_nl2_mtTM_k0": {
    "X": [
      [
        2.0,
        2.0,
        2.0,
        0.0,
        0.0,
        0.0,
        135381.75447388695
      ],
      [
        2.0,
        2.0,
        2.0,
        0.0,
        0.0,
        0.0,
        135381.75448412602
      ],
      [
        2.0,
        2.0,
        2.0,
        0.0,
        0.0,
        0.0,
        135381.7544754069
      ],
      [
        2.0,
        2.0,
        2.0,
        0.0,
        0.0,
        0.0,
        135381.75464740064
      ],
      [
        2.0,
        2.0,
        2.0,
        0.0,
        0.0,
        0.0,
        135381.75448744313
      ],
      [
        2.0,
        2.0,
        2.0,
        0.0,
        0.0,
        17.0,
        138922.88272549995
      ],
      [
        2.0,
        2.0,
        2.0,
        0.0,
        0.0,
        17.0,
        138922.88272493452
      ],
      [
        2.0,
        2.0,
        2.0,
        0.0,
        0.0,
        17.0,
        239489.1805376507
      ],
      [
        2.0,
        2.0,
        2.0,
        0.0,
        0.0,
        17.0,
        138922.8827247184
      ],
      [
        2.0,
        2.0,
        2.0,
        0.0,
        0.0,
        17.0,
        138922.88272463798
      ]
    ],
    "y": [
      [
        1.5881436752919889,
        1.570795426184715,
        1.5707967990667695,
        -1.5707963774235374,
        -0.01734721899131836,
        0.7853975583857716,
        -3.141592594472754,
        -2.3561950176230106
      ],
      [
        1.3062977979405607e-06,
        -3.945800294444348e-06,
        3.141594950890933,
        -0.46496789439421066,
        1.570790790936192,
        2.3562000950365505,
        -1.5708009411616828,
        -1.2503666735440826
      ],
      [
        3.1415923811477406,
        3.141591788464829,
        -3.14158999584361,
        -3.751865034977764,
        -1.5707924760736371,
        2.3561968277460927,
        -1.570797936385636,
        1.7459220234589126
      ],
      [
        -3.1415902491115744,
        3.993898267893506e-06,
        3.1416017640773863,
        -2.407517251234366,
        -1.5708441917510185,
        -0.7853745505848968,
        1.5707829401512288,
        -1.5194715524790086
      ],
      [
        -1.58111752001405,
        -1.5707953820483347,
        -1.5707975593643762,
        1.5708017132042935,
        -0.010313695298377617,
        0.7853952356670818,
        3.1415882760991556,
        0.7853930440442201
      ],
      [
        -1.0576788265108625,
        -4.7123860332491905,
        1.5707971613090908,
        1.5707970119300125,
        -3.6547085249151237,
        0.7853964659384138,
        2.592132103027036e-07,
        -5.497785105310625
      ],
      [
        3.096014770747563e-07,
        -4.3901911460632655e-07,
        1.772742448991507e-06,
        -2.062723911479011,
        1.5707959261223596,
        2.3561953197891654,
        1.5707987418662326,
        -1.8642674090010916
      ],
      [
        4.228436808544832e-07,
        -3.309686580665463e-06,
        3.0429982140312196e-05,
        -2.4579653641265535,
        -1.5708212176898722,
        -1.5708130825439512,
        1.5708075031337476,
        -1.4690227090697512
      ],
      [
        -3.141592060707407,
        -2.4240673387611547,
        -1.5707967407810497,
        -1.5707955711088564,
        -1.5707959834419896,
        1.6386684551713162,
        -7.416138260408865e-07,
        -2.356194255377948
      ],
      [
        -3.1415926358148103,
        -2.1179572925699456e-07,
        -3.141592801126401,
        0.8068612886557233,
        -1.570796540879624,
        -0.7853981690762792,
        1.5707958380084328,
        1.5493334563737644
      ]
    ]
  },
  "nx2_ny2_nl2_mtTM_k1": {
    "X": [
      [
        2.0,
        2.0,
        2.0,
        0.0,
        1.0,
        0.0,
        135381.7547577122
      ],
      [
        2.0,
        2.0,
        2.0,
        0.0,
        1.0,
        0.0,
        235948.05224295377
      ],
      [
        2.0,
        2.0,
        2.0,
        0.0,
        1.0,
        0.0,
        235948.05224438067
      ],
      [
        2.0,
        2.0,
        2.0,
        0.0,
        1.0,
        0.0,
        235948.05224664052
      ],
      [
        2.0,
        2.0,
        2.0,
        0.0,
        1.0,
        0.0,
        235948.05224831775
      ],
      [
        2.0,
        2.0,
        2.0,
        0.0,
        1.0,
        17.0,
        138922.88273123285
      ],
      [
        2.0,
        2.0,
        2.0,
        0.0,
        1.0,
        17.0,
        239489.18052697368
      ],
      [
        2.0,
        2.0,
        2.0,
        0.0,
        1.0,
        17.0,
        239489.18053214453
      ],
      [
        2.0,
        2.0,
        2.0,
        0.0,
        1.0,
        17.0,
        239489.1805424378
      ],
      [
        2.0,
        2.0,
        2.0,
        0.0,
        1.0,
        17.0,
        239489.18132490595
      ]
    ],