{
  "TM_vacuum_nx4_ny3_nlayer_7": {
    "mode_0": {
      "params": [
        1.410185171148285,
        2.3996068497069814e-05,
        1.96618409962724,
        -3.141597787037832,
        4.712382692088601,
        3.3044787891084255e-05,
        -1.5703580205565262,
        -1.5708370944517656,
        3.141522751399463,
        -1.5708352432632338,
        1.4249911699837967,
        0.07472848160018304,
        0.0744270786304616,
        -1.5708273904946477,
        1.4120754190712415,
        0.39016481243180295,
        1.5707981376538465,
        -9.60074173823424e-05,
        -0.0875985768067776,
        -1.567434939066488,
        -1.571866067738656,
        1.57079349125141,
        0.0059259783001999276,
        -0.00017911306364534036,
        -1.570706817930085,
        3.4476383384581446,
        -3.1498621959156674,
        1.5447839413614923,
        0.0019597028888547864,
        -1.571297028133707,
        -1.3713044791249545e-05,
        3.1415729925259828,
        -0.026063942274759742,
        3.1503137317145447,
        -2.1133088225032672,
        3.109723378877249,
        3.110059281227209,
        -0.0002725687139705053,
        -1.600255420650715,
        0.0378236322654479,
        -0.7906671891052952,
        -0.8550179988320536,
        -0.0004952012173688144,
        1.5707856362749024,
        -3.1416087806776636,
        -3.1413745141456384,
        -1.570929123828318,
        -0.37581694651496145,
        -4.912734156865541,
        -3.2032601335654287,
        1.7213226642153308,
        0.7716657388335894,
        -3.141573012269539,
        -0.0006817925295376805,
        -1.4869013093585437,
        0.5690308565742962
      ],
      "eigenvalue": 141158.3642202518
    }
  },
  "TE_vacuum_nx4_ny3_nlayer_7": {
    "mode_0": {
      "params": [
        -2.005038884677565,
        -3.155385950924279,
        -1.570767695676006,
        -0.6568652398652428,
        1.5707940191230538,
        1.5707966618169216,
        -1.5708032043198128,
        -3.171320374333286,
        0.03278749426027558,
        -3.1415429476828343,
        1.5707599498385902,
        8.352767769308752e-05,
        2.561838076998781e-06,
        3.1410762194359214,
        1.0765622287369812,
        -4.712393576658547,
        1.3653332639396134,
        -2.022214402726123,
        2.62659224551184e-05,
        3.1414193991984596,
        -1.569335374505582,
        0.2872385126744439,
        0.8404293115990304,
        -1.9911672036028163,
        -2.7215292779078144,
        1.5708319849792314,
        1.945512842899052,
        1.8419605054983652,
        -1.570744448385565,
        -1.6782612147949756,
        1.4634462920165432,
        -1.570787416811721,
        1.5885884260417753,
        -0.02311119436626414,
        0.2410897116433621,
        -2.8281753867453228,
        1.6277260745890663,
        -2.8851056826469827,
        1.5708028661310691,
        1.514557101736891,
        -3.0164906913088245,
        0.37253757473093263,
        2.6157744836024497,
        -1.045065502501798,
        -2.484557046279234e-06,
        -3.159316936861009,
        -2.9717637572125244,
        -2.1813328895931257,
        -1.6738316507049962,
        3.1416229507829425,
        1.5708787039318015,
        -1.5707961955232146,
        -1.5665735203267286,
        1.6916162817219829,
        -2.09848774728262,
        -2.2074770197692817
      ],
      "eigenvalue": 43724.43021851353
    }
  }
}